[
  {
    "name": "Process Start",
    "start": 1615380557353,
    "end": 1615380558695,
    "duration": 1342,
    "pid": 10960,
    "index": 0
  },
  {
    "name": "Application Start",
    "start": 1615380558696,
    "end": 1615380559350,
    "duration": 654,
    "pid": 10960,
    "index": 1
  },
  {
    "name": "Load Plugin",
    "start": 1615380558701,
    "end": 1615380558729,
    "duration": 28,
    "pid": 10960,
    "index": 2
  },
  {
    "name": "Load Config",
    "start": 1615380558730,
    "end": 1615380558763,
    "duration": 33,
    "pid": 10960,
    "index": 3
  },
  {
    "name": "Require(0) config/config.default.js",
    "start": 1615380558731,
    "end": 1615380558732,
    "duration": 1,
    "pid": 10960,
    "index": 4
  },
  {
    "name": "Require(1) node_modules/egg-session/config/config.default.js",
    "start": 1615380558735,
    "end": 1615380558735,
    "duration": 0,
    "pid": 10960,
    "index": 5
  },
  {
    "name": "Require(2) node_modules/egg-security/config/config.default.js",
    "start": 1615380558736,
    "end": 1615380558736,
    "duration": 0,
    "pid": 10960,
    "index": 6
  },
  {
    "name": "Require(3) node_modules/egg-jsonp/config/config.default.js",
    "start": 1615380558737,
    "end": 1615380558738,
    "duration": 1,
    "pid": 10960,
    "index": 7
  },
  {
    "name": "Require(4) node_modules/egg-onerror/config/config.default.js",
    "start": 1615380558738,
    "end": 1615380558739,
    "duration": 1,
    "pid": 10960,
    "index": 8
  },
  {
    "name": "Require(5) node_modules/egg-i18n/config/config.default.js",
    "start": 1615380558740,
    "end": 1615380558740,
    "duration": 0,
    "pid": 10960,
    "index": 9
  },
  {
    "name": "Require(6) node_modules/egg-watcher/config/config.default.js",
    "start": 1615380558741,
    "end": 1615380558742,
    "duration": 1,
    "pid": 10960,
    "index": 10
  },
  {
    "name": "Require(7) node_modules/egg-schedule/config/config.default.js",
    "start": 1615380558743,
    "end": 1615380558744,
    "duration": 1,
    "pid": 10960,
    "index": 11
  },
  {
    "name": "Require(8) node_modules/egg-multipart/config/config.default.js",
    "start": 1615380558745,
    "end": 1615380558745,
    "duration": 0,
    "pid": 10960,
    "index": 12
  },
  {
    "name": "Require(9) node_modules/egg-development/config/config.default.js",
    "start": 1615380558747,
    "end": 1615380558747,
    "duration": 0,
    "pid": 10960,
    "index": 13
  },
  {
    "name": "Require(10) node_modules/egg-logrotator/config/config.default.js",
    "start": 1615380558748,
    "end": 1615380558748,
    "duration": 0,
    "pid": 10960,
    "index": 14
  },
  {
    "name": "Require(11) node_modules/egg-static/config/config.default.js",
    "start": 1615380558749,
    "end": 1615380558749,
    "duration": 0,
    "pid": 10960,
    "index": 15
  },
  {
    "name": "Require(12) node_modules/egg-view/config/config.default.js",
    "start": 1615380558750,
    "end": 1615380558752,
    "duration": 2,
    "pid": 10960,
    "index": 16
  },
  {
    "name": "Require(13) node_modules/egg-mysql/config/config.default.js",
    "start": 1615380558753,
    "end": 1615380558753,
    "duration": 0,
    "pid": 10960,
    "index": 17
  },
  {
    "name": "Require(14) node_modules/egg-cors/config/config.default.js",
    "start": 1615380558754,
    "end": 1615380558754,
    "duration": 0,
    "pid": 10960,
    "index": 18
  },
  {
    "name": "Require(15) node_modules/egg/config/config.default.js",
    "start": 1615380558754,
    "end": 1615380558755,
    "duration": 1,
    "pid": 10960,
    "index": 19
  },
  {
    "name": "Require(16) config/config.default.js",
    "start": 1615380558756,
    "end": 1615380558756,
    "duration": 0,
    "pid": 10960,
    "index": 20
  },
  {
    "name": "Require(17) node_modules/egg-security/config/config.local.js",
    "start": 1615380558757,
    "end": 1615380558757,
    "duration": 0,
    "pid": 10960,
    "index": 21
  },
  {
    "name": "Require(18) node_modules/egg-watcher/config/config.local.js",
    "start": 1615380558758,
    "end": 1615380558758,
    "duration": 0,
    "pid": 10960,
    "index": 22
  },
  {
    "name": "Require(19) node_modules/egg-view/config/config.local.js",
    "start": 1615380558761,
    "end": 1615380558761,
    "duration": 0,
    "pid": 10960,
    "index": 23
  },
  {
    "name": "Require(20) node_modules/egg/config/config.local.js",
    "start": 1615380558762,
    "end": 1615380558763,
    "duration": 1,
    "pid": 10960,
    "index": 24
  },
  {
    "name": "Load extend/application.js",
    "start": 1615380558765,
    "end": 1615380558784,
    "duration": 19,
    "pid": 10960,
    "index": 25
  },
  {
    "name": "Require(21) node_modules/egg-session/app/extend/application.js",
    "start": 1615380558765,
    "end": 1615380558766,
    "duration": 1,
    "pid": 10960,
    "index": 26
  },
  {
    "name": "Require(22) node_modules/egg-security/app/extend/application.js",
    "start": 1615380558767,
    "end": 1615380558768,
    "duration": 1,
    "pid": 10960,
    "index": 27
  },
  {
    "name": "Require(23) node_modules/egg-jsonp/app/extend/application.js",
    "start": 1615380558769,
    "end": 1615380558771,
    "duration": 2,
    "pid": 10960,
    "index": 28
  },
  {
    "name": "Require(24) node_modules/egg-logrotator/app/extend/application.js",
    "start": 1615380558772,
    "end": 1615380558774,
    "duration": 2,
    "pid": 10960,
    "index": 29
  },
  {
    "name": "Require(25) node_modules/egg-view/app/extend/application.js",
    "start": 1615380558775,
    "end": 1615380558779,
    "duration": 4,
    "pid": 10960,
    "index": 30
  },
  {
    "name": "Load extend/request.js",
    "start": 1615380558784,
    "end": 1615380558797,
    "duration": 13,
    "pid": 10960,
    "index": 31
  },
  {
    "name": "Require(26) node_modules/egg/app/extend/request.js",
    "start": 1615380558789,
    "end": 1615380558791,
    "duration": 2,
    "pid": 10960,
    "index": 32
  },
  {
    "name": "Load extend/response.js",
    "start": 1615380558797,
    "end": 1615380558806,
    "duration": 9,
    "pid": 10960,
    "index": 33
  },
  {
    "name": "Require(27) node_modules/egg/app/extend/response.js",
    "start": 1615380558801,
    "end": 1615380558802,
    "duration": 1,
    "pid": 10960,
    "index": 34
  },
  {
    "name": "Load extend/context.js",
    "start": 1615380558806,
    "end": 1615380558891,
    "duration": 85,
    "pid": 10960,
    "index": 35
  },
  {
    "name": "Require(28) node_modules/egg-security/app/extend/context.js",
    "start": 1615380558807,
    "end": 1615380558820,
    "duration": 13,
    "pid": 10960,
    "index": 36
  },
  {
    "name": "Require(29) node_modules/egg-jsonp/app/extend/context.js",
    "start": 1615380558820,
    "end": 1615380558821,
    "duration": 1,
    "pid": 10960,
    "index": 37
  },
  {
    "name": "Require(30) node_modules/egg-i18n/app/extend/context.js",
    "start": 1615380558822,
    "end": 1615380558822,
    "duration": 0,
    "pid": 10960,
    "index": 38
  },
  {
    "name": "Require(31) node_modules/egg-multipart/app/extend/context.js",
    "start": 1615380558823,
    "end": 1615380558880,
    "duration": 57,
    "pid": 10960,
    "index": 39
  },
  {
    "name": "Require(32) node_modules/egg-view/app/extend/context.js",
    "start": 1615380558881,
    "end": 1615380558883,
    "duration": 2,
    "pid": 10960,
    "index": 40
  },
  {
    "name": "Require(33) node_modules/egg/app/extend/context.js",
    "start": 1615380558884,
    "end": 1615380558886,
    "duration": 2,
    "pid": 10960,
    "index": 41
  },
  {
    "name": "Require(34) app/extend/context.js",
    "start": 1615380558887,
    "end": 1615380558887,
    "duration": 0,
    "pid": 10960,
    "index": 42
  },
  {
    "name": "Load extend/helper.js",
    "start": 1615380558891,
    "end": 1615380558918,
    "duration": 27,
    "pid": 10960,
    "index": 43
  },
  {
    "name": "Require(35) node_modules/egg-security/app/extend/helper.js",
    "start": 1615380558892,
    "end": 1615380558912,
    "duration": 20,
    "pid": 10960,
    "index": 44
  },
  {
    "name": "Require(36) node_modules/egg/app/extend/helper.js",
    "start": 1615380558914,
    "end": 1615380558915,
    "duration": 1,
    "pid": 10960,
    "index": 45
  },
  {
    "name": "Load app.js",
    "start": 1615380558918,
    "end": 1615380558987,
    "duration": 69,
    "pid": 10960,
    "index": 46
  },
  {
    "name": "Require(37) node_modules/egg-session/app.js",
    "start": 1615380558918,
    "end": 1615380558918,
    "duration": 0,
    "pid": 10960,
    "index": 47
  },
  {
    "name": "Require(38) node_modules/egg-security/app.js",
    "start": 1615380558919,
    "end": 1615380558920,
    "duration": 1,
    "pid": 10960,
    "index": 48
  },
  {
    "name": "Require(39) node_modules/egg-onerror/app.js",
    "start": 1615380558921,
    "end": 1615380558930,
    "duration": 9,
    "pid": 10960,
    "index": 49
  },
  {
    "name": "Require(40) node_modules/egg-i18n/app.js",
    "start": 1615380558930,
    "end": 1615380558951,
    "duration": 21,
    "pid": 10960,
    "index": 50
  },
  {
    "name": "Require(41) node_modules/egg-watcher/app.js",
    "start": 1615380558951,
    "end": 1615380558954,
    "duration": 3,
    "pid": 10960,
    "index": 51
  },
  {
    "name": "Require(42) node_modules/egg-schedule/app.js",
    "start": 1615380558955,
    "end": 1615380558956,
    "duration": 1,
    "pid": 10960,
    "index": 52
  },
  {
    "name": "Require(43) node_modules/egg-multipart/app.js",
    "start": 1615380558956,
    "end": 1615380558957,
    "duration": 1,
    "pid": 10960,
    "index": 53
  },
  {
    "name": "Require(44) node_modules/egg-development/app.js",
    "start": 1615380558957,
    "end": 1615380558958,
    "duration": 1,
    "pid": 10960,
    "index": 54
  },
  {
    "name": "Require(45) node_modules/egg-logrotator/app.js",
    "start": 1615380558958,
    "end": 1615380558958,
    "duration": 0,
    "pid": 10960,
    "index": 55
  },
  {
    "name": "Require(46) node_modules/egg-static/app.js",
    "start": 1615380558959,
    "end": 1615380558959,
    "duration": 0,
    "pid": 10960,
    "index": 56
  },
  {
    "name": "Require(47) node_modules/egg-mysql/app.js",
    "start": 1615380558960,
    "end": 1615380558985,
    "duration": 25,
    "pid": 10960,
    "index": 57
  },
  {
    "name": "Require(48) node_modules/egg-cors/app.js",
    "start": 1615380558985,
    "end": 1615380558986,
    "duration": 1,
    "pid": 10960,
    "index": 58
  },
  {
    "name": "Before Start in node_modules/egg-watcher/lib/init.js:15:14",
    "start": 1615380559002,
    "end": 1615380559345,
    "duration": 343,
    "pid": 10960,
    "index": 59
  },
  {
    "name": "Before Start in node_modules/egg-mysql/lib/mysql.js:20:7",
    "start": 1615380559142,
    "end": 1615380559349,
    "duration": 207,
    "pid": 10960,
    "index": 60
  },
  {
    "name": "Load Service",
    "start": 1615380559143,
    "end": 1615380559151,
    "duration": 8,
    "pid": 10960,
    "index": 61
  },
  {
    "name": "Load \"service\" to Context",
    "start": 1615380559143,
    "end": 1615380559151,
    "duration": 8,
    "pid": 10960,
    "index": 62
  },
  {
    "name": "Load Middleware",
    "start": 1615380559151,
    "end": 1615380559306,
    "duration": 155,
    "pid": 10960,
    "index": 63
  },
  {
    "name": "Load \"middlewares\" to Application",
    "start": 1615380559152,
    "end": 1615380559295,
    "duration": 143,
    "pid": 10960,
    "index": 64
  },
  {
    "name": "Load Controller",
    "start": 1615380559306,
    "end": 1615380559309,
    "duration": 3,
    "pid": 10960,
    "index": 65
  },
  {
    "name": "Load \"controller\" to Application",
    "start": 1615380559306,
    "end": 1615380559309,
    "duration": 3,
    "pid": 10960,
    "index": 66
  },
  {
    "name": "Load Router",
    "start": 1615380559309,
    "end": 1615380559313,
    "duration": 4,
    "pid": 10960,
    "index": 67
  },
  {
    "name": "Require(49) app/router.js",
    "start": 1615380559310,
    "end": 1615380559311,
    "duration": 1,
    "pid": 10960,
    "index": 68
  },
  {
    "name": "Before Start in node_modules/egg-core/lib/egg.js:303:10",
    "start": 1615380559311,
    "end": 1615380559326,
    "duration": 15,
    "pid": 10960,
    "index": 69
  }
]